snapshot_date,change_type,listing_key,来源,listing_id,タイトル,url,old_本体価格,new_本体価格,old_総価格,new_総価格
2026-04-10,new,8190:2100010622952,8190,2100010622952,HONDA 【残価据置 対象】CB400 SUPER FOUR HYPER VTEC Revo 2019年モデル USBポート装備 スペアキーあり,https://www.8190.jp/wish/ds/bike/2100010622952/,,1398000,,
2026-04-10,new,8190:2100011246386,8190,2100011246386,HONDA 【残価据置 対象】CB400スーパーフォア 受注期間限定のカラーリングであるマットシルバーをまとった特別なスーフォア！ 便利なエンジンガード装備!,https://www.8190.jp/wish/ds/bike/2100011246386/,,1148000,,
2026-04-10,new,8190:2100011270206,8190,2100011270206,HONDA 【残価据置 対象】CB400 SUPER FOUR HYPER VTEC Revo 2019年モデル エンジンガード グリップヒーター スペアキーあり,https://www.8190.jp/wish/ds/bike/2100011270206/,,1348000,,
2026-04-10,new,8190:2100011300309,8190,2100011300309,HONDA 【残価据置 対象】CB400スーパーフォア【エンジンガード装備・2019年モデル】,https://www.8190.jp/wish/ds/bike/2100011300309/,,1498000,,
2026-04-10,new,8190:2100011335356,8190,2100011335356,HONDA 【残価据置 対象】CB400 SUPER FOUR HYPER VTEC Revo 2019年モデル デイトナエンジンスライダー,https://www.8190.jp/wish/ds/bike/2100011335356/,,1398000,,
2026-04-10,new,8190:2100011455214,8190,2100011455214,HONDA CB400 SUPER FOUR HYPER VTEC Revo 2019年モデル／モリワキ製マフラー＆エンジンスライダー他カスタム,https://www.8190.jp/wish/ds/bike/2100011455214/,,1548000,,
2026-04-10,new,8190:2100011475588,8190,2100011475588,HONDA 【残価据置 対象】CB400スーパーフォア【人気の400㏄ネイキッド☆】,https://www.8190.jp/wish/ds/bike/2100011475588/,,1328000,,
2026-04-10,new,8190:2100011492509,8190,2100011492509,HONDA 【残価据置 対象】CB400 SUPER FOUR HYPER VTEC Revo フェンダーレス,https://www.8190.jp/wish/ds/bike/2100011492509/,,1428000,,
2026-04-10,new,8190:2100011497313,8190,2100011497313,HONDA 【残価据置 対象】CB400 SUPER FOUR HYPER VTEC Revo 2019年モデル フルノーマル,https://www.8190.jp/wish/ds/bike/2100011497313/,,1498000,,
2026-04-10,new,8190:2100011500938,8190,2100011500938,HONDA CB400 SUPER FOUR HYPER VTEC Revo NC42型 カスタムレバー装備,https://www.8190.jp/wish/ds/bike/2100011500938/,,1288000,,
2026-04-10,new,8190:2100011504554,8190,2100011504554,HONDA 【残価据置 対象】 CB400 SUPER FOUR HYPER VTEC Revo 2019年モデル/センタースタンド,https://www.8190.jp/wish/ds/bike/2100011504554/,,1388000,,
2026-04-10,new,8190:2100011532939,8190,2100011532939,HONDA CB400 SUPER FOUR HYPER VTEC Revo モリワキ製マフラー エンジンガード USB カスタムシート フェンダーレス,https://www.8190.jp/wish/ds/bike/2100011532939/,,1348000,,
2026-04-10,new,8190:2100011541924,8190,2100011541924,HONDA CB400スーパーフォア レバー バーエンド ラジエーターカバー装備,https://www.8190.jp/wish/ds/bike/2100011541924/,,1428000,,
2026-04-10,new,8190:2100011559868,8190,2100011559868,HONDA CB400 SUPER FOUR HYPER VTEC 2019年モデル／NC42型／フルノーマル車両,https://www.8190.jp/wish/ds/bike/2100011559868/,,1348000,,
2026-04-10,new,8190:2100011610996,8190,2100011610996,HONDA 【残価据置 対象】CB400スーパーフォア シルキーな滑らかさと高回転まで回したくなる楽しさを誇る4気筒エンジンが愛される理由です！ 寒い日に嬉しいグリップヒーター装備!,https://www.8190.jp/wish/ds/bike/2100011610996/,,1478000,,
2026-04-10,new,8190:2100011639591,8190,2100011639591,HONDA CB400 SUPER FOUR 2019年モデル/エンジンガード/リアフェンダーレス/純正スペアキーあり,https://www.8190.jp/wish/ds/bike/2100011639591/,,1298000,,
2026-04-10,new,8190:2100011661202,8190,2100011661202,HONDA CB400 SUPER FOUR HYPER VTEC Revo 2019年モデル エンジンガード カスタム,https://www.8190.jp/wish/ds/bike/2100011661202/,,1358000,,
2026-04-10,new,8190:2100011690769,8190,2100011690769,HONDA CB400 SUPER FOUR HYPER VTEC Revo カスタムシート・エンジンガード・低走行車両,https://www.8190.jp/wish/ds/bike/2100011690769/,,1580000,,
2026-04-10,new,8190:2100011693784,8190,2100011693784,HONDA CB400 SUPER FOUR HYPER VTEC Revo 2019年モデル／モリワキ製エンジンスライダー／USB電源type‐A 2口付き,https://www.8190.jp/wish/ds/bike/2100011693784/,,1448000,,
2026-04-10,new,bikekan:282628,bikekan,282628,ホンダ CB400 SUPER FOUR REVO（スーパーフォア） ノーマル車 走行7ｋｍ 【HP見た！で川口店限定特典有】,https://www.bikekan.jp/buy/detail/282628,,1599900,,1715700
2026-04-10,new,bikekan:283068,bikekan,283068,ホンダ CB400 SUPER FOUR REVO ABS（スーパーフォア） 【通販大歓迎】2019年モデル,https://www.bikekan.jp/buy/detail/283068,,1399900,,1515700
2026-04-10,new,bikekan:283795,bikekan,283795,ホンダ CB400 SUPER BOLD'OR REVO ABS（スーパーボルドール） 未走行美車！ノーマル車両！【来店商談予約割引実施中！】,https://www.bikekan.jp/buy/detail/283795,,1439900,,1527600
2026-04-10,new,bikekan:285269,bikekan,285269,ホンダ CB400 SUPER FOUR REVO ABS（スーパーフォア） 低走行美車！,https://www.bikekan.jp/buy/detail/285269,,1499900,,1615700
2026-04-10,new,bikekan:287873,bikekan,287873,ホンダ CB400 SUPER FOUR REVO（スーパーフォア） 2019年モデル ビキニカウル エンジンガード,https://www.bikekan.jp/buy/detail/287873,,1449900,,1565700
2026-04-10,new,bikekan:288218,bikekan,288218,ホンダ CB400 SUPER FOUR VTEC REVO（CB400スーパーフォアVテックレボ） 生産終了モデル！エンジンガード、リアキャリア(ﾉｰﾏﾙ)戻し可)装備,https://www.bikekan.jp/buy/detail/288218,,1299900,,1415700
2026-04-10,new,bikekan:288483,bikekan,288483,ホンダ CB400 SUPER BOLD'OR REVO ABS（スーパーボルドール） 【お問い合わせは名古屋みなと店まで】ETC・グリップヒーター・モリワキエンジンスライダー装備,https://www.bikekan.jp/buy/detail/288483,,1279900,,1395700
2026-04-10,new,bikekan:288611,bikekan,288611,ホンダ CB400 SUPER BOLD'OR REVO ABS（スーパーボルドール） 【下取り＆買取り強化中】,https://www.bikekan.jp/buy/detail/288611,,1249900,,1365700
2026-04-10,new,bikekan:288716,bikekan,288716,ホンダ CB400 SUPER BOLD'OR REVO ABS（スーパーボルドール） 【グリップヒーター ＥＴＣ装備】,https://www.bikekan.jp/buy/detail/288716,,1299900,,1415700
2026-04-10,new,bikekan:288853,bikekan,288853,ホンダ CB400 SUPER FOUR REVO（スーパーフォア） 最終型 ノーマル,https://www.bikekan.jp/buy/detail/288853,,1399900,,1486400
2026-04-10,new,bikekan:288923,bikekan,288923,ホンダ CB400 SUPER FOUR REVO ABS（スーパーフォア） 【２０１９年モデル】エンジンガード USB電源 フェンダーレス★価格ご相談下さい！,https://www.bikekan.jp/buy/detail/288923,,1399900,,1515700
2026-04-10,new,bikekan:288942,bikekan,288942,ホンダ CB400 SUPER BOLD'OR REVO ABS（スーパーボルドール） ２０１９年モデル ETC2.0・USB電源付！絶版ボルドールのキレイな良質中古車！ぜひサウンド聴いて下さい！,https://www.bikekan.jp/buy/detail/288942,,1199900,,1315700
2026-04-10,new,bikekan:289643,bikekan,289643,ホンダ CB400 SUPER FOUR REVO ABS（スーパーフォア） 極低走行車！ フルノーマル,https://www.bikekan.jp/buy/detail/289643,,1499900,,1585500
2026-04-10,new,bikekan:289910,bikekan,289910,ホンダ CB400 SUPER FOUR REVO ABS（スーパーフォア） 【ビキニカウル・グリップヒーター装備】,https://www.bikekan.jp/buy/detail/289910,,1499900,,1615700
2026-04-10,new,bikekan:290206,bikekan,290206,ホンダ CB400 SUPER FOUR ABS（スーパーフォア） 2019年モデル！ USB電源装備！ スライダー付き！,https://www.bikekan.jp/buy/detail/290206,,1399900,,1515700
2026-04-10,new,bikekan:290275,bikekan,290275,ホンダ CB400 SUPER BOLD'OR REVO ABS（スーパーボルドール） ETC、USBにリアキャリア装備済み!!,https://www.bikekan.jp/buy/detail/290275,,1149900,,1235500
2026-04-10,new,bikekan:290472,bikekan,290472,ホンダ CB400 SUPER BOLD'OR REVO ABS（スーパーボルドール）,https://www.bikekan.jp/buy/detail/290472,,1499900,,1586800
2026-04-10,new,bikekan:291009,bikekan,291009,ホンダ CB400 SUPER BOLD'OR REVO ABS（スーパーボルドール） 最終型 BEAMS スリップオンJMCA,https://www.bikekan.jp/buy/detail/291009,,1249900,,1365700
2026-04-10,new,bikekan:291410,bikekan,291410,ホンダ CB400 SUPER BOLD'OR REVO ABS（スーパーボルドール） モリワキマフラー装着で心地よいサウンドと軽量化を実現,https://www.bikekan.jp/buy/detail/291410,,1199900,,1315700
2026-04-10,new,bikekan:291670,bikekan,291670,ホンダ CB400 SUPER BOLD'OR REVO ABS（スーパーボルドール） USB電源装備！,https://www.bikekan.jp/buy/detail/291670,,1199900,,1315700
2026-04-10,new,bikekan:291776,bikekan,291776,ホンダ CB400 SUPER BOLD'OR REVO ABS（スーパーボルドール） グリップヒーター/エンジンガード/USB電源,https://www.bikekan.jp/buy/detail/291776,,1249900,,1365700
2026-04-10,new,bikekan:291818,bikekan,291818,ホンダ CB400 SUPER BOLD'OR REVO ABS（スーパーボルドール） 買取査定大歓迎！！,https://www.bikekan.jp/buy/detail/291818,,1099900,,1215700
2026-04-10,new,bikekan:292086,bikekan,292086,ホンダ CB400 SUPER BOLD'OR REVO ABS（スーパーボルドール） スポーツグリップヒーター・ETC車載器標準装備,https://www.bikekan.jp/buy/detail/292086,,1399900,,1515700
2026-04-10,new,bikekan:292363,bikekan,292363,ホンダ CB400 SUPER BOLD'OR REVO ABS（スーパーボルドール） ETC、USB装備 ミラー等カスタム多数！,https://www.bikekan.jp/buy/detail/292363,,1199000,,1314800
2026-04-10,new,bikekan:292488,bikekan,292488,ホンダ CB400 SUPER BOLD'OR REVO ABS E-Package ★★NC42後期最終モデル！！★★,https://www.bikekan.jp/buy/detail/292488,,1299900,,1387000
2026-04-10,new,bikekan:292922,bikekan,292922,ホンダ CB400 SUPER FOUR REVO ABS（スーパーフォア） 低走行、ノーマル車両！,https://www.bikekan.jp/buy/detail/292922,,1449900,,1565700
2026-04-10,new,bikekan:292927,bikekan,292927,ホンダ CB400 SUPER FOUR REVO（スーパーフォア） 【4月小倉店限定！バイク館グループ中古車在庫取り寄せ費用半額キャンペーン実施中！】2019年式ETC、ヘルメットロック装着、低走行ノーマル車両！！,https://www.bikekan.jp/buy/detail/292927,,1449900,,1565700
2026-04-10,new,bikekan:292943,bikekan,292943,ホンダ CB400 SUPER FOUR REVO ABS（スーパーフォア） ETC/グリップヒーター/リアキャリア/ビキニカウル有,https://www.bikekan.jp/buy/detail/292943,,1299900,,1415700
2026-04-10,new,bikekan:292947,bikekan,292947,ホンダ CB400 SUPER BOLD'OR REVO ABS（スーパーボルドール） 2019年モデル☆通販大歓迎！！,https://www.bikekan.jp/buy/detail/292947,,1349900,,1465700
2026-04-10,new,bikekan:292951,bikekan,292951,ホンダ CB400 SUPER FOUR REVO ABS（スーパーフォア） 【問い合わせは名古屋みなと店まで】低走行で外装ツヤ◎！社外グリップ、レバー ＥＴＣ、スマホホルダーなど小物類も充実！,https://www.bikekan.jp/buy/detail/292951,,1399900,,1515700
2026-04-10,new,bikekan:293003,bikekan,293003,ホンダ CB400 SUPER BOLD'OR REVO（スーパーボルドール） ETC エンジンガード キャリア ゼログラビティスクリーン,https://www.bikekan.jp/buy/detail/293003,,1299900,,1415700
2026-04-10,new,bikekan:293046,bikekan,293046,ホンダ CB400 SUPER FOUR REVO（スーパーフォア） セパハン ユーカナヤ製レバー,https://www.bikekan.jp/buy/detail/293046,,1299900,,1415700
2026-04-10,new,bikekan:293411,bikekan,293411,ホンダ CB400 SUPER BOLD'OR REVO ABS E-Package ETC グリップヒーター フェンダーレス,https://www.bikekan.jp/buy/detail/293411,,1099900,,1215700
2026-04-10,new,bikekan:293418,bikekan,293418,"ホンダ CB400 SUPER BOLD'OR REVO ABS（スーパーボルドール） オーリンスリアサスペンション、フェンダレス、エンジンガード、USB,グリップヒーター",https://www.bikekan.jp/buy/detail/293418,,1099900,,1215700
2026-04-10,new,bikekan:293436,bikekan,293436,ホンダ CB400 SUPER FOUR REVO ABS（スーパーフォア） エンジンガード/ETC/USB,https://www.bikekan.jp/buy/detail/293436,,1349900,,1465700
2026-04-10,new,bikekan:293524,bikekan,293524,ホンダ CB400 SUPER FOUR REVO ABS（スーパーフォア） 【小牧店限定キャンペーン中！！】走行距離わずか2km！安心のフルノーマル！,https://www.bikekan.jp/buy/detail/293524,,1599900,,1689100
2026-04-10,new,bikekan:293655,bikekan,293655,ホンダ CB400 SUPER FOUR REVO（スーパーフォア） ETC グリップヒーター付き,https://www.bikekan.jp/buy/detail/293655,,1299900,,1385000
2026-04-10,new,bikekan:293847,bikekan,293847,ホンダ CB400 SUPER FOUR REVO ABS（スーパーフォア） 【2019年モデル】ETC2.0 USB ドライブレコーダー エンジンガード ハンドルスペーサー等装備 ★お電話にて当店より車両状態詳細をお伝えいたします！,https://www.bikekan.jp/buy/detail/293847,,1119900,,1235700
2026-04-10,new,bikekan:294022,bikekan,294022,ホンダ CB400 SUPER FOUR REVO ABS（スーパーフォア） 買取強化中,https://www.bikekan.jp/buy/detail/294022,,1299000,,1414800
2026-04-10,new,bikekan:294182,bikekan,294182,ホンダ CB400 SUPER BOLD'OR REVO（スーパーボルドール）,https://www.bikekan.jp/buy/detail/294182,,1199900,,1315700
2026-04-10,new,bikekan:294186,bikekan,294186,ホンダ CB400 SUPER BOLD'OR REVO ABS（スーパーボルドール） ETC/USB/エンジンガード▶ご来店（又は商談）予約割引対象！お電話お待ちしております！,https://www.bikekan.jp/buy/detail/294186,,1299900,,1415700
2026-04-10,new,u-media:1246222,u-media,1246222,CB400SF ABS,https://u-media.ne.jp/bike/detail.php?skanrino=1246222,,1595000,,
2026-04-10,new,u-media:1264191,u-media,1264191,CB400SF REVO,https://u-media.ne.jp/bike/detail.php?skanrino=1264191,,1595000,,
2026-04-10,new,u-media:1264982,u-media,1264982,CB400SF REVO,https://u-media.ne.jp/bike/detail.php?skanrino=1264982,,1595000,,
2026-04-10,new,u-media:1265194,u-media,1265194,CB400SF REVO,https://u-media.ne.jp/bike/detail.php?skanrino=1265194,,1595000,,
2026-04-10,new,u-media:1265196,u-media,1265196,CB400SF REVO,https://u-media.ne.jp/bike/detail.php?skanrino=1265196,,1595000,,
2026-04-10,new,u-media:1274434,u-media,1274434,CB400SF REVO,https://u-media.ne.jp/bike/detail.php?skanrino=1274434,,1430000,,
2026-04-10,new,u-media:1279228,u-media,1279228,CB400SF REVO,https://u-media.ne.jp/bike/detail.php?skanrino=1279228,,1595000,,
2026-04-10,new,u-media:1283116,u-media,1283116,CB400SF REVO,https://u-media.ne.jp/bike/detail.php?skanrino=1283116,,1595000,,
2026-04-10,new,u-media:1350659,u-media,1350659,CB400SB,https://u-media.ne.jp/bike/detail.php?skanrino=1350659,,999900,,
2026-04-10,new,u-media:1369277,u-media,1369277,CB400SF,https://u-media.ne.jp/bike/detail.php?skanrino=1369277,,1595000,,
2026-04-10,new,u-media:1370436,u-media,1370436,CB400SB,https://u-media.ne.jp/bike/detail.php?skanrino=1370436,,1427800,,
2026-04-10,new,u-media:1372748,u-media,1372748,CB400SB,https://u-media.ne.jp/bike/detail.php?skanrino=1372748,,1320000,,
2026-04-10,new,u-media:1379966,u-media,1379966,CB400SF,https://u-media.ne.jp/bike/detail.php?skanrino=1379966,,1427800,,
2026-04-10,new,u-media:1386534,u-media,1386534,CB400SF,https://u-media.ne.jp/bike/detail.php?skanrino=1386534,,1595000,,
2026-04-10,new,webike:1797595,webike,1797595,CB400スーパーフォア /ホンダ VTEC付低走行車!,https://moto.webike.net/bike_detail/1797595/,,1427800,,
2026-04-10,new,webike:1797694,webike,1797694,CB400スーパーフォア [REVO] /ホンダ,https://moto.webike.net/bike_detail/1797694/,,1595000,,
2026-04-10,new,webike:1949004,webike,1949004,CB400スーパーフォア /ホンダ,https://moto.webike.net/bike_detail/1949004/,,1540000,,1640200
2026-04-10,new,webike:1949006,webike,1949006,CB400スーパーフォア /ホンダ,https://moto.webike.net/bike_detail/1949006/,,1540000,,1640200
2026-04-10,new,webike:1989800,webike,1989800,CB400スーパーフォア /ホンダ,https://moto.webike.net/bike_detail/1989800/,,1494900,,1601500
2026-04-10,new,webike:2003268,webike,2003268,CB400スーパーフォア /ホンダ 純正グリップヒーター,https://moto.webike.net/bike_detail/2003268/,,1595000,,
2026-04-10,new,webike:2013645,webike,2013645,CB400スーパーフォア /ホンダ 台数限定、ドレミコレクション製CBX TYPE-Xノーマルスタイル外装キット装着車,https://moto.webike.net/bike_detail/2013645/,,2178000,,2275300
2026-04-10,new,webike:2013648,webike,2013648,CB400スーパーフォア /ホンダ 台数限定、ドレミコレクション製外装キット装着車、CBX TYPE-Xフィン付きカウル仕様,https://moto.webike.net/bike_detail/2013648/,,2178000,,2246600
2026-04-10,new,webike:2015805,webike,2015805,CB400スーパーフォア /ホンダ,https://moto.webike.net/bike_detail/2015805/,,1595000,,
2026-04-10,new,webike:2018740,webike,2018740,CB400スーパーフォア [REVO] /ホンダ,https://moto.webike.net/bike_detail/2018740/,,1595000,,
2026-04-10,new,webike:2027175,webike,2027175,CB400スーパーフォア /ホンダ,https://moto.webike.net/bike_detail/2027175/,,1320000,,1437100
2026-04-10,new,webike:2247887,webike,2247887,CB400スーパーフォア /ホンダ,https://moto.webike.net/bike_detail/2247887/,,1595000,,
2026-04-10,new,webike:2313065,webike,2313065,CB400スーパーフォア /ホンダ,https://moto.webike.net/bike_detail/2313065/,,1338000,,1407000
2026-04-10,new,webike:2356142,webike,2356142,CB400スーパーフォア /ホンダ NC42 エンジンスライダー ラジエターガード ETC付,https://moto.webike.net/bike_detail/2356142/,,1265000,,1388300
2026-04-10,new,webike:2358304,webike,2358304,CB400スーパーフォア /ホンダ,https://moto.webike.net/bike_detail/2358304/,,1595000,,
2026-04-10,new,webike:2359614,webike,2359614,CB400スーパーフォア /ホンダ ABS NC42 ETC付 SHOWAサスペンション,https://moto.webike.net/bike_detail/2359614/,,1210000,,1333300
2026-04-10,new,webike:2359623,webike,2359623,CB400スーパーフォア [キャンディークロモスフィアレッド] /ホンダ 2019年モデル 初年度登録2022年 直列4気筒エンジン LEDヘッドライト,https://moto.webike.net/bike_detail/2359623/,,1650000,,1737000
2026-04-10,new,webike:2359773,webike,2359773,CB400スーパーフォア /ホンダ ETC ドライブレコーダー エンジンガード USB電源,https://moto.webike.net/bike_detail/2359773/,,,,
2026-04-10,new,webike:2371593,webike,2371593,CB400スーパーフォア /ホンダ VTEC REVO ワイバーンフルエキマフラー フェンダーレス バーエンド LEDヘッドライト ゴールドホイール,https://moto.webike.net/bike_detail/2371593/,,1420000,,1492300
2026-04-10,new,webike:2389296,webike,2389296,CB400スーパーフォア [最終型 ABS LEDヘッドライト標準装備モデル] /ホンダ ご購入希望、ご購入のご相談は080-7795-4091吉澤まで!,https://moto.webike.net/bike_detail/2389296/,,1599000,,1664400
2026-04-10,new,webike:2390185,webike,2390185,CB400スーパーフォア [安心FIレボ] /ホンダ HONDA CB400SF 2019年モデル ETC USB エンジンガード ハンドルアップスペーサー リムステッカー,https://moto.webike.net/bike_detail/2390185/,,1155000,,1278300
2026-04-10,new,webike:2391531,webike,2391531,CB400スーパーフォア /ホンダ ETC車載器、USBソケット付き,https://moto.webike.net/bike_detail/2391531/,,1268000,,1330200
2026-04-10,new,webike:2391892,webike,2391892,CB400スーパーフォア /ホンダ,https://moto.webike.net/bike_detail/2391892/,,1330000,,1380000
2026-04-10,new,webike:2391917,webike,2391917,CB400スーパーフォア [最終型 ABS LEDヘッドライト標準装備モデル] /ホンダ ご購入希望、ご購入のご相談は080-7795-4091吉澤まで!,https://moto.webike.net/bike_detail/2391917/,,1279000,,1372500
2026-04-10,new,webike:2392440,webike,2392440,CB400スーパーフォア /ホンダ,https://moto.webike.net/bike_detail/2392440/,,1278000,,1340900
2026-04-10,new,webike:2393219,webike,2393219,CB400スーパーフォア [最終型 ABS LEDヘッドライト標準装備モデル] /ホンダ,https://moto.webike.net/bike_detail/2393219/,,1299000,,1393100
2026-04-10,new,webike:2393430,webike,2393430,CB400スーパーフォア /ホンダ HONDA CB400SF 社外レバー エンジンガード USB 追加カスタム可能,https://moto.webike.net/bike_detail/2393430/,,1375000,,1450500
2026-04-10,new,webike:2393536,webike,2393536,CB400スーパーフォア /ホンダ,https://moto.webike.net/bike_detail/2393536/,,1350000,,1412900
2026-04-10,new,webike:2393918,webike,2393918,CB400スーパーフォア /ホンダ ワンオーナー フルノーマル ヘルメットホルダー 純正キー2本付属 新品バッテリー 新品プラグ 1年保証,https://moto.webike.net/bike_detail/2393918/,,1428900,,1499300
2026-04-10,new,webike:2401456,webike,2401456,CB400スーパーフォア /ホンダ,https://moto.webike.net/bike_detail/2401456/,,1595000,,
2026-04-10,new,webike:2403421,webike,2403421,CB400スーパーフォア /ホンダ,https://moto.webike.net/bike_detail/2403421/,,1238000,,1300900
2026-04-10,new,webike:2406014,webike,2406014,CB400スーパーフォア /ホンダ,https://moto.webike.net/bike_detail/2406014/,,1379000,,1443600
2026-04-10,new,webike:2406552,webike,2406552,CB400スーパーフォア /ホンダ,https://moto.webike.net/bike_detail/2406552/,,1248000,,1317000
2026-04-10,new,webike:2406650,webike,2406650,CB400スーパーフォア /ホンダ,https://moto.webike.net/bike_detail/2406650/,,1398000,,1504600
2026-04-10,new,webike:2407655,webike,2407655,CB400スーパーフォア /ホンダ,https://moto.webike.net/bike_detail/2407655/,,1348000,,1410900
2026-04-10,new,webike:2408858,webike,2408858,CB400スーパーフォア /ホンダ,https://moto.webike.net/bike_detail/2408858/,,1398000,,1504600
2026-04-10,new,webike:2409520,webike,2409520,CB400スーパーフォア /ホンダ 当社ワンオーナー ミツバ製ドライブレコードEDR21G搭載,https://moto.webike.net/bike_detail/2409520/,,1427800,,1496000
2026-04-10,new,webike:2410947,webike,2410947,CB400スーパーフォア /ホンダ,https://moto.webike.net/bike_detail/2410947/,,1148000,,1210900
2026-04-10,new,webike:2411942,webike,2411942,CB400スーパーフォア /ホンダ 2023年登録モデル グリップヒーター エンジンガード ETC2.0 純正スペアキー,https://moto.webike.net/bike_detail/2411942/,,1349000,,1443100
2026-04-10,new,webike:2412107,webike,2412107,CB400スーパーフォア /ホンダ,https://moto.webike.net/bike_detail/2412107/,,1300000,,1406600
2026-04-10,new,webike:2412634,webike,2412634,CB400スーパーフォア /ホンダ NC42 400ccネイキッド 最終型 モリワキショートマフラー ETC付,https://moto.webike.net/bike_detail/2412634/,,1023000,,1146300
2026-04-10,new,webike:2413153,webike,2413153,CB400スーパーフォア /ホンダ 2020年モデル NC42,https://moto.webike.net/bike_detail/2413153/,,1532900,,1623000
2026-04-10,new,webike:2414256,webike,2414256,CB400スーパーフォア /ホンダ,https://moto.webike.net/bike_detail/2414256/,,1358000,,1420900
2026-04-10,new,webike:2414273,webike,2414273,CB400スーパーフォア /ホンダ,https://moto.webike.net/bike_detail/2414273/,,1648000,,1710900
2026-04-10,new,webike:2415591,webike,2415591,CB400スーパーフォア /ホンダ,https://moto.webike.net/bike_detail/2415591/,,1699900,,1790000
2026-04-10,new,webike:2416132,webike,2416132,CB400スーパーフォア /ホンダ,https://moto.webike.net/bike_detail/2416132/,,1298000,,1404600
2026-04-10,new,webike:2417310,webike,2417310,CB400スーパーフォア [75160] /ホンダ VTEC Revo NC42 最終型 ノーマル車 75160,https://moto.webike.net/bike_detail/2417310/,,1698000,,1783600
2026-04-10,new,webike:2417479,webike,2417479,CB400スーパーフォア /ホンダ 4スト FI ABS 社外マフラー USB ETC付き ブレースバー 車検2年付き,https://moto.webike.net/bike_detail/2417479/,,1459000,,1569400
2026-04-10,new,webike:2418020,webike,2418020,CB400スーパーフォア /ホンダ,https://moto.webike.net/bike_detail/2418020/,,1298000,,1404600
2026-04-10,new,webike:2418427,webike,2418427,CB400スーパーフォア /ホンダ,https://moto.webike.net/bike_detail/2418427/,,1498000,,1560900
2026-04-10,new,webike:2418453,webike,2418453,CB400スーパーフォア /ホンダ,https://moto.webike.net/bike_detail/2418453/,,1358000,,1464600
2026-04-10,new,webike:2419099,webike,2419099,CB400スーパーフォア /ホンダ,https://moto.webike.net/bike_detail/2419099/,,1428000,,1490900
2026-04-10,new,webike:2419409,webike,2419409,CB400スーパーフォア /ホンダ,https://moto.webike.net/bike_detail/2419409/,,1058000,,1120900
2026-04-10,new,webike:2419445,webike,2419445,CB400スーパーフォア /ホンダ,https://moto.webike.net/bike_detail/2419445/,,1398000,,1460900
2026-04-10,new,webike:2420274,webike,2420274,CB400スーパーフォア /ホンダ 最終型・2023年登録ワンオーナー屋内保管車 75104,https://moto.webike.net/bike_detail/2420274/,,1648000,,1726000
2026-04-10,new,webike:2420276,webike,2420276,CB400スーパーフォア /ホンダ 2021年登録最終モデル 75143,https://moto.webike.net/bike_detail/2420276/,,1298000,,1376000
2026-04-10,new,webike:2420461,webike,2420461,CB400スーパーフォア /ホンダ ABS ハンドルアップスペーサー グリップヒーター ETC,https://moto.webike.net/bike_detail/2420461/,,1430000,,1535900
2026-04-10,new,webike:2420567,webike,2420567,CB400スーパーフォア /ホンダ NC42型最終モデル 前後LEDライト 社外スリップオンマフラー 400cc4気筒エンジン,https://moto.webike.net/bike_detail/2420567/,,1199000,,1322300
2026-04-10,new,webike:2422225,webike,2422225,CB400スーパーフォア /ホンダ,https://moto.webike.net/bike_detail/2422225/,,1428000,,1490900
2026-04-10,new,webike:2423901,webike,2423901,CB400スーパーフォア /ホンダ,https://moto.webike.net/bike_detail/2423901/,,1348000,,1410900
2026-04-10,new,webike:2424607,webike,2424607,CB400スーパーフォア /ホンダ ETC スマホホルダー USB マルチバー,https://moto.webike.net/bike_detail/2424607/,,884400,,
2026-04-10,new,webike:2424610,webike,2424610,CB400スーパーフォア /ホンダ ETC スマホホルダー USB マルチバー,https://moto.webike.net/bike_detail/2424610/,,990000,,1078700
2026-04-10,new,webike:2424867,webike,2424867,CB400スーパーフォア /ホンダ,https://moto.webike.net/bike_detail/2424867/,,1098000,,1160900
2026-04-10,new,webike:2426399,webike,2426399,CB400スーパーフォア /ホンダ,https://moto.webike.net/bike_detail/2426399/,,1258000,,1320900
2026-04-10,new,webike:2426401,webike,2426401,CB400スーパーフォア /ホンダ,https://moto.webike.net/bike_detail/2426401/,,1478000,,1584600
2026-04-10,new,webike:2427032,webike,2427032,CB400スーパーフォア /ホンダ,https://moto.webike.net/bike_detail/2427032/,,1342000,,1402100
2026-04-10,new,webike:2427078,webike,2427078,CB400スーパーフォア /ホンダ スマホホルダー 純正スペアキーカバー付き ワンオーナー フルノーマル,https://moto.webike.net/bike_detail/2427078/,,1139000,,1229800
2026-04-10,new,webike:2427362,webike,2427362,CB400スーパーフォア /ホンダ,https://moto.webike.net/bike_detail/2427362/,,1348000,,1410900
2026-04-10,new,webike:2427752,webike,2427752,CB400スーパーフォア /ホンダ,https://moto.webike.net/bike_detail/2427752/,,1298000,,1404600
2026-04-10,new,webike:2428444,webike,2428444,CB400スーパーフォア /ホンダ VTEC Revo NC42 最終型 ETC ドラレコ ラジエターコアガード,https://moto.webike.net/bike_detail/2428444/,,1248000,,1305100
2026-04-10,new,webike:2428471,webike,2428471,CB400スーパーフォア [VTEC Revo] /ホンダ ABS 2021年式 グリップヒーター エンジンガード 盗難防止アラーム イモビライザー 新規車検2年,https://moto.webike.net/bike_detail/2428471/,,1299800,,1399000
2026-04-10,new,webike:2430037,webike,2430037,CB400スーパーフォア /ホンダ,https://moto.webike.net/bike_detail/2430037/,,1428000,,1490900
2026-04-10,new,webike:2430444,webike,2430444,CB400スーパーフォア /ホンダ,https://moto.webike.net/bike_detail/2430444/,,1448000,,1510900
2026-04-10,new,webike:2430731,webike,2430731,CB400スーパーフォア /ホンダ,https://moto.webike.net/bike_detail/2430731/,,1580000,,1686600
2026-04-10,new,webike:2431524,webike,2431524,CB400スーパーフォア /ホンダ ABS ETC リアフェンダーレス,https://moto.webike.net/bike_detail/2431524/,,1490000,,1596200
